{
	"credit": "Created by Stridey",
	"textures": {
		"particle": "block/bamboo_stalk",
		"all": "block/bamboo_stalk"
	},
	"elements": [
		{
			"from": [6.5, 0, 6.5],
			"to": [9.5, 16, 9.5],
			"faces": {
				"north": {"uv": [9, 0, 12, 16], "texture": "#all"},
				"east": {"uv": [9, 0, 12, 16], "texture": "#all"},
				"south": {"uv": [9, 0, 12, 16], "texture": "#all"},
				"west": {"uv": [9, 0, 12, 16], "texture": "#all"},
				"up": {"uv": [13, 0, 16, 3], "texture": "#all"},
				"down": {"uv": [13, 4, 16, 7], "texture": "#all"}
			}
		}
	],
	"display": {
		"thirdperson_righthand": {
			"rotation": [-55, 90, 55],
			"translation": [0, 0, 1],
			"scale": [0.6, 0.6, 0.6]
		},
		"thirdperson_lefthand": {
			"rotation": [-55, -90, -55],
			"translation": [0, 0, 1],
			"scale": [0.6, 0.6, 0.6]
		},
		"firstperson_righthand": {
			"rotation": [0, 45, 0],
			"translation": [1.5, 0, 0],
			"scale": [0.68, 0.68, 0.68]
		},
		"firstperson_lefthand": {
			"rotation": [0, 45, 0],
			"translation": [1.5, 0, 0],
			"scale": [0.68, 0.68, 0.68]
		},
		"ground": {
			"rotation": [0, 0, -19.75],
			"translation": [0, 3.25, 0],
			"scale": [0.45, 0.45, 0.45]
		},
		"gui": {
			"rotation": [36.75, 225, 68.75]
		},
		"head": {
			"rotation": [90, 0, 0],
			"translation": [0, -2, -2.25]
		}
	}
}