{
    "__comment": "Designed by MinecraftSpace with Cubik Studio - https://cubik.studio",
    "ambientocclusion": false,
    "textures": {
        "particle": "block/cauldron_side",
        "top": "block/cauldron_top",
        "bottom": "block/cauldron_bottom",
        "side": "block/cauldron_side",
        "inside": "block/cauldron_inner"
    },
    "elements": [
        {
            "from": [
                0,
                3,
                0
            ],
            "to": [
                2,
                16,
                16
            ],
            "faces": {
                "down": {
                    "uv": [
                        0,
                        0,
                        2,
                        16
                    ],
                    "texture": "#inside"
                },
                "up": {
                    "uv": [
                        0,
                        0,
                        2,
                        16
                    ],
                    "texture": "#top",
                    "cullface": "up"
                },
                "north": {
                    "uv": [
                        14,
                        0,
                        16,
                        13
                    ],
                    "texture": "#side",
                    "cullface": "north"
                },
                "south": {
                    "uv": [
                        0,
                        0,
                        2,
                        13
                    ],
                    "texture": "#side",
                    "cullface": "south"
                },
                "west": {
                    "uv": [
                        0,
                        0,
                        16,
                        13
                    ],
                    "texture": "#side",
                    "cullface": "west"
                },
                "east": {
                    "uv": [
                        0,
                        0,
                        16,
                        13
                    ],
                    "texture": "#side"
                }
            }
        },
        {
            "from": [
                2,
                3,
                2
            ],
            "to": [
                14,
                4,
                14
            ],
            "faces": {
                "down": {
                    "uv": [
                        2,
                        2,
                        14,
                        14
                    ],
                    "texture": "#inside"
                },
                "up": {
                    "uv": [
                        2,
                        2,
                        14,
                        14
                    ],
                    "texture": "#inside",
                    "cullface": "up"
                },
                "north": {
                    "uv": [
                        2,
                        12,
                        14,
                        13
                    ],
                    "texture": "#side",
                    "cullface": "north"
                },
                "south": {
                    "uv": [
                        2,
                        12,
                        14,
                        13
                    ],
                    "texture": "#side",
                    "cullface": "south"
                },
                "west": {
                    "uv": [
                        2,
                        12,
                        14,
                        13
                    ],
                    "texture": "#side",
                    "cullface": "west"
                },
                "east": {
                    "uv": [
                        2,
                        12,
                        14,
                        13
                    ],
                    "texture": "#side",
                    "cullface": "east"
                }
            }
        },
        {
            "from": [
                14,
                3,
                0
            ],
            "to": [
                16,
                16,
                16
            ],
            "faces": {
                "down": {
                    "uv": [
                        14,
                        0,
                        16,
                        16
                    ],
                    "texture": "#inside"
                },
                "up": {
                    "uv": [
                        14,
                        0,
                        16,
                        16
                    ],
                    "texture": "#top",
                    "cullface": "up"
                },
                "north": {
                    "uv": [
                        0,
                        0,
                        2,
                        13
                    ],
                    "texture": "#side",
                    "cullface": "north"
                },
                "south": {
                    "uv": [
                        14,
                        0,
                        16,
                        13
                    ],
                    "texture": "#side",
                    "cullface": "south"
                },
                "west": {
                    "uv": [
                        0,
                        0,
                        16,
                        13
                    ],
                    "texture": "#side"
                },
                "east": {
                    "uv": [
                        0,
                        0,
                        16,
                        13
                    ],
                    "texture": "#side",
                    "cullface": "east"
                }
            }
        },
        {
            "from": [
                2,
                3,
                0
            ],
            "to": [
                14,
                16,
                2
            ],
            "faces": {
                "down": {
                    "uv": [
                        2,
                        14,
                        14,
                        16
                    ],
                    "texture": "#inside"
                },
                "up": {
                    "uv": [
                        2,
                        0,
                        14,
                        2
                    ],
                    "texture": "#top",
                    "cullface": "up"
                },
                "north": {
                    "uv": [
                        2,
                        0,
                        14,
                        13
                    ],
                    "texture": "#side",
                    "cullface": "north"
                },
                "south": {
                    "uv": [
                        2,
                        0,
                        14,
                        13
                    ],
                    "texture": "#side"
                },
                "west": {
                    "uv": [
                        0,
                        0,
                        2,
                        13
                    ],
                    "texture": "#side",
                    "cullface": "west"
                },
                "east": {
                    "uv": [
                        14,
                        0,
                        16,
                        13
                    ],
                    "texture": "#side",
                    "cullface": "east"
                }
            }
        },
        {
            "from": [
                2,
                3,
                14
            ],
            "to": [
                14,
                16,
                16
            ],
            "faces": {
                "down": {
                    "uv": [
                        2,
                        0,
                        14,
                        2
                    ],
                    "texture": "#inside"
                },
                "up": {
                    "uv": [
                        2,
                        14,
                        14,
                        16
                    ],
                    "texture": "#top",
                    "cullface": "up"
                },
                "north": {
                    "uv": [
                        2,
                        0,
                        14,
                        13
                    ],
                    "texture": "#side"
                },
                "south": {
                    "uv": [
                        2,
                        0,
                        14,
                        13
                    ],
                    "texture": "#side",
                    "cullface": "south"
                },
                "west": {
                    "uv": [
                        14,
                        0,
                        16,
                        13
                    ],
                    "texture": "#side",
                    "cullface": "west"
                },
                "east": {
                    "uv": [
                        0,
                        0,
                        2,
                        13
                    ],
                    "texture": "#side",
                    "cullface": "east"
                }
            }
        },
        {
            "from": [
                0,
                0,
                0
            ],
            "to": [
                4,
                3,
                2
            ],
            "faces": {
                "down": {
                    "uv": [
                        0,
                        14,
                        4,
                        16
                    ],
                    "texture": "#bottom"
                },
                "up": {
                    "uv": [
                        0,
                        0,
                        4,
                        2
                    ],
                    "texture": "#top"
                },
                "north": {
                    "uv": [
                        12,
                        13,
                        16,
                        16
                    ],
                    "texture": "#side"
                },
                "south": {
                    "uv": [
                        0,
                        13,
                        4,
                        16
                    ],
                    "texture": "#side"
                },
                "west": {
                    "uv": [
                        0,
                        13,
                        2,
                        16
                    ],
                    "texture": "#side"
                },
                "east": {
                    "uv": [
                        14,
                        13,
                        16,
                        16
                    ],
                    "texture": "#side"
                }
            }
        },
        {
            "from": [
                0,
                0,
                2
            ],
            "to": [
                2,
                3,
                4
            ],
            "faces": {
                "down": {
                    "uv": [
                        0,
                        12,
                        2,
                        14
                    ],
                    "texture": "#bottom"
                },
                "up": {
                    "uv": [
                        0,
                        2,
                        2,
                        4
                    ],
                    "texture": "#top"
                },
                "north": {
                    "uv": [
                        14,
                        13,
                        16,
                        16
                    ],
                    "texture": "#side"
                },
                "south": {
                    "uv": [
                        0,
                        13,
                        2,
                        16
                    ],
                    "texture": "#side"
                },
                "west": {
                    "uv": [
                        2,
                        13,
                        4,
                        16
                    ],
                    "texture": "#side"
                },
                "east": {
                    "uv": [
                        12,
                        13,
                        14,
                        16
                    ],
                    "texture": "#side"
                }
            }
        },
        {
            "from": [
                12,
                0,
                0
            ],
            "to": [
                16,
                3,
                2
            ],
            "faces": {
                "down": {
                    "uv": [
                        12,
                        14,
                        16,
                        16
                    ],
                    "texture": "#bottom"
                },
                "up": {
                    "uv": [
                        12,
                        0,
                        16,
                        2
                    ],
                    "texture": "#top"
                },
                "north": {
                    "uv": [
                        0,
                        13,
                        4,
                        16
                    ],
                    "texture": "#side"
                },
                "south": {
                    "uv": [
                        12,
                        13,
                        16,
                        16
                    ],
                    "texture": "#side"
                },
                "west": {
                    "uv": [
                        0,
                        13,
                        2,
                        16
                    ],
                    "texture": "#side"
                },
                "east": {
                    "uv": [
                        14,
                        13,
                        16,
                        16
                    ],
                    "texture": "#side"
                }
            }
        },
        {
            "from": [
                14,
                0,
                2
            ],
            "to": [
                16,
                3,
                4
            ],
            "faces": {
                "down": {
                    "uv": [
                        14,
                        12,
                        16,
                        14
                    ],
                    "texture": "#bottom"
                },
                "up": {
                    "uv": [
                        14,
                        2,
                        16,
                        4
                    ],
                    "texture": "#top"
                },
                "north": {
                    "uv": [
                        0,
                        13,
                        2,
                        16
                    ],
                    "texture": "#side"
                },
                "south": {
                    "uv": [
                        14,
                        13,
                        16,
                        16
                    ],
                    "texture": "#side"
                },
                "west": {
                    "uv": [
                        2,
                        13,
                        4,
                        16
                    ],
                    "texture": "#side"
                },
                "east": {
                    "uv": [
                        12,
                        13,
                        14,
                        16
                    ],
                    "texture": "#side"
                }
            }
        },
        {
            "from": [
                0,
                0,
                14
            ],
            "to": [
                4,
                3,
                16
            ],
            "faces": {
                "down": {
                    "uv": [
                        0,
                        0,
                        4,
                        2
                    ],
                    "texture": "#bottom"
                },
                "up": {
                    "uv": [
                        0,
                        14,
                        4,
                        16
                    ],
                    "texture": "#top"
                },
                "north": {
                    "uv": [
                        12,
                        13,
                        16,
                        16
                    ],
                    "texture": "#side"
                },
                "south": {
                    "uv": [
                        0,
                        13,
                        4,
                        16
                    ],
                    "texture": "#side"
                },
                "west": {
                    "uv": [
                        14,
                        13,
                        16,
                        16
                    ],
                    "texture": "#side"
                },
                "east": {
                    "uv": [
                        0,
                        13,
                        2,
                        16
                    ],
                    "texture": "#side"
                }
            }
        },
        {
            "from": [
                0,
                0,
                12
            ],
            "to": [
                2,
                3,
                14
            ],
            "faces": {
                "down": {
                    "uv": [
                        0,
                        2,
                        2,
                        4
                    ],
                    "texture": "#bottom"
                },
                "up": {
                    "uv": [
                        0,
                        12,
                        2,
                        14
                    ],
                    "texture": "#top"
                },
                "north": {
                    "uv": [
                        14,
                        13,
                        16,
                        16
                    ],
                    "texture": "#side"
                },
                "south": {
                    "uv": [
                        0,
                        13,
                        2,
                        16
                    ],
                    "texture": "#side"
                },
                "west": {
                    "uv": [
                        12,
                        13,
                        14,
                        16
                    ],
                    "texture": "#side"
                },
                "east": {
                    "uv": [
                        2,
                        13,
                        4,
                        16
                    ],
                    "texture": "#side"
                }
            }
        },
        {
            "from": [
                12,
                0,
                14
            ],
            "to": [
                16,
                3,
                16
            ],
            "faces": {
                "down": {
                    "uv": [
                        12,
                        0,
                        16,
                        2
                    ],
                    "texture": "#bottom"
                },
                "up": {
                    "uv": [
                        12,
                        14,
                        16,
                        16
                    ],
                    "texture": "#top"
                },
                "north": {
                    "uv": [
                        0,
                        13,
                        4,
                        16
                    ],
                    "texture": "#side"
                },
                "south": {
                    "uv": [
                        12,
                        13,
                        16,
                        16
                    ],
                    "texture": "#side"
                },
                "west": {
                    "uv": [
                        14,
                        13,
                        16,
                        16
                    ],
                    "texture": "#side"
                },
                "east": {
                    "uv": [
                        0,
                        13,
                        2,
                        16
                    ],
                    "texture": "#side"
                }
            }
        },
        {
            "from": [
                14,
                0,
                12
            ],
            "to": [
                16,
                3,
                14
            ],
            "faces": {
                "down": {
                    "uv": [
                        14,
                        2,
                        16,
                        4
                    ],
                    "texture": "#bottom"
                },
                "up": {
                    "uv": [
                        14,
                        12,
                        16,
                        14
                    ],
                    "texture": "#top"
                },
                "north": {
                    "uv": [
                        0,
                        13,
                        2,
                        16
                    ],
                    "texture": "#side"
                },
                "south": {
                    "uv": [
                        14,
                        13,
                        16,
                        16
                    ],
                    "texture": "#side"
                },
                "west": {
                    "uv": [
                        12,
                        13,
                        14,
                        16
                    ],
                    "texture": "#side"
                },
                "east": {
                    "uv": [
                        2,
                        13,
                        4,
                        16
                    ],
                    "texture": "#side"
                }
            }
        }
    ],
    "display": {
        "thirdperson_righthand": {
            "rotation": [
                75,
                45,
                0
            ],
            "translation": [
                0,
                3.27,
                0
            ],
            "scale": [
                0.375,
                0.375,
                0.375
            ]
        },
        "thirdperson_lefthand": {
            "rotation": [
                75,
                45,
                0
            ],
            "translation": [
                0,
                3.27,
                0
            ],
            "scale": [
                0.375,
                0.375,
                0.375
            ]
        },
        "firstperson_righthand": {
            "rotation": [
                0,
                45,
                0
            ],
            "scale": [
                0.4,
                0.4,
                0.4
            ]
        },
        "firstperson_lefthand": {
            "rotation": [
                0,
                45,
                0
            ],
            "scale": [
                0.4,
                0.4,
                0.4
            ]
        },
        "gui": {
            "rotation": [
                30,
                225,
                0
            ],
            "scale": [
                0.625,
                0.625,
                0.625
            ]
        },
        "ground": {
            "translation": [
                0,
                3,
                0
            ],
            "scale": [
                0.25,
                0.25,
                0.25
            ]
        },
        "fixed": {
            "scale": [
                0.5,
                0.5,
                0.5
            ]
        }
    }
}