{
	"credit": "Created by Stridey",
	"parent": "block/block",
	"elements": [
		{
			"from": [7, 0, 7],
			"to": [9, 6, 9],
			"faces": {
				"north": {"uv": [0, 8, 2, 14], "texture": "#all"},
				"east": {"uv": [0, 8, 2, 14], "texture": "#all"},
				"south": {"uv": [0, 8, 2, 14], "texture": "#all"},
				"west": {"uv": [0, 8, 2, 14], "texture": "#all"},
				"up": {"uv": [0, 6, 2, 8], "texture": "#all"},
				"down": {"uv": [0, 14, 2, 16], "texture": "#all", "cullface": "down"}
			}
		},
		{
			"from": [7.5, 6, 8],
			"to": [8.5, 7, 8],
			"rotation": {"angle": 45, "axis": "y", "origin": [8, 6, 8]},
			"faces": {
				"north": {"uv": [0, 5, 1, 6], "texture": "#all"},
				"south": {"uv": [0, 5, 1, 6], "texture": "#all"}
			}
		},
		{
			"from": [7.5, 6, 8],
			"to": [8.5, 7, 8],
			"rotation": {"angle": -45, "axis": "y", "origin": [8, 6, 8]},
			"faces": {
				"north": {"uv": [0, 5, 1, 6], "texture": "#all"},
				"south": {"uv": [0, 5, 1, 6], "texture": "#all"}
			}
		}
	],
	"display": {
		"thirdperson_righthand": {
			"translation": [0, 5, 0.75]
		},
		"thirdperson_lefthand": {
			"translation": [0, 5, 1.25]
		},
		"firstperson_righthand": {
			"translation": [1, 5.25, 0],
			"scale": [1.2, 1.2, 1.2]
		},
		"firstperson_lefthand": {
			"translation": [1, 5.25, 0],
			"scale": [1.2, 1.2, 1.2]
		},
		"ground": {
			"translation": [0, 6.25, 0],
			"scale": [0.7, 0.7, 0.7]
		},
		"gui": {
			"rotation": [30, 225, 0],
			"translation": [0, 7, 0],
			"scale": [1.7, 1.7, 1.7]
		},
		"head": {
			"translation": [0, 19.2, 0],
			"scale": [1.6, 1.6, 1.6]
		},
		"fixed": {
			"translation": [0, 9, 0],
			"scale": [2, 2, 2]
		}
	}
}