{
	"credit": "Created by Stridey",
	"ambientocclusion": false,
	"textures": {
		"particle": "block/dark_oak_door_top",
		"top": "block/dark_oak_door_top"
	},
	"elements": [
		{
			"from": [1, 0, 0],
			"to": [2, 16, 16],
			"faces": {
				"east": {"uv": [16, 0, 0, 16], "texture": "#top"},
				"west": {"uv": [0, 0, 16, 16], "texture": "#top"}
			}
		},
		{
			"from": [0, 0, 0],
			"to": [3, 2, 16],
			"faces": {
				"north": {"uv": [1, 14, 0, 16], "texture": "#top"},
				"east": {"uv": [16, 14, 0, 16], "texture": "#top"},
				"south": {"uv": [15, 14, 16, 16], "texture": "#top"},
				"west": {"uv": [0, 14, 16, 16], "texture": "#top"},
				"up": {"uv": [0, 14, 16, 15], "rotation": 90, "texture": "#top"}
			}
		},
		{
			"from": [0, 13, 0],
			"to": [3, 16, 16],
			"faces": {
				"north": {"uv": [1, 0, 0, 3], "texture": "#top"},
				"east": {"uv": [16, 0, 0, 3], "texture": "#top"},
				"south": {"uv": [15, 0, 16, 3], "texture": "#top"},
				"west": {"uv": [0, 0, 16, 3], "texture": "#top"},
				"up": {"uv": [0, 0, 16, 1], "rotation": 90, "texture": "#top"},
				"down": {"uv": [0, 2, 16, 3], "rotation": 270, "texture": "#top"}
			}
		},
		{
			"from": [0, 2, 0],
			"to": [3, 13, 3],
			"faces": {
				"north": {"uv": [1, 3, 0, 14], "texture": "#top"},
				"east": {"uv": [3, 3, 0, 14], "texture": "#top"},
				"south": {"uv": [3, 3, 2, 14], "texture": "#top"},
				"west": {"uv": [0, 3, 3, 14], "texture": "#top"}
			}
		},
		{
			"from": [0, 2, 13],
			"to": [3, 13, 16],
			"faces": {
				"north": {"uv": [13, 3, 14, 14], "texture": "#top"},
				"east": {"uv": [16, 3, 13, 14], "texture": "#top"},
				"south": {"uv": [15, 3, 16, 14], "texture": "#top"},
				"west": {"uv": [13, 3, 16, 14], "texture": "#top"}
			}
		},
		{
			"from": [0, 2, 6],
			"to": [3, 13, 10],
			"faces": {
				"north": {"uv": [6, 3, 7, 14], "texture": "#top"},
				"east": {"uv": [10, 3, 6, 14], "texture": "#top"},
				"south": {"uv": [9, 3, 10, 14], "texture": "#top"},
				"west": {"uv": [6, 3, 10, 14], "texture": "#top"}
			}
		},
		{
			"from": [-0.5, 0, 11],
			"to": [3.5, 1, 14],
			"rotation": {"angle": 0, "axis": "y", "origin": [8, 8, 21]},
			"faces": {
				"north": {"uv": [11, 15, 12, 16], "texture": "#top"},
				"east": {"uv": [11, 15, 14, 16], "rotation": 180, "texture": "#top"},
				"south": {"uv": [11, 15, 14, 16], "texture": "#top"},
				"west": {"uv": [11, 15, 14, 16], "texture": "#top"},
				"up": {"uv": [11, 15, 14, 16], "rotation": 90, "texture": "#top"},
				"down": {"uv": [11, 15, 14, 16], "rotation": 270, "texture": "#top"}
			}
		}
	]
}