{
	"credit": "Created by Stridey",
	"ambientocclusion": false,
	"textures": {
		"particle": "block/dark_oak_door_bottom",
		"bottom": "block/dark_oak_door_bottom"
	},
	"elements": [
		{
			"from": [1, 0, 0],
			"to": [2, 16, 16],
			"faces": {
				"east": {"uv": [16, 0, 0, 16], "texture": "#bottom"},
				"west": {"uv": [0, 0, 16, 16], "texture": "#bottom"}
			}
		},
		{
			"from": [0, 0, 0],
			"to": [3, 3, 16],
			"faces": {
				"north": {"uv": [1, 13, 0, 16], "texture": "#bottom"},
				"east": {"uv": [16, 13, 0, 16], "texture": "#bottom"},
				"south": {"uv": [15, 13, 16, 16], "texture": "#bottom"},
				"west": {"uv": [0, 13, 16, 16], "texture": "#bottom"},
				"up": {"uv": [0, 13, 16, 14], "rotation": 90, "texture": "#bottom"},
				"down": {"uv": [0, 15, 16, 16], "rotation": 90, "texture": "#bottom"}
			}
		},
		{
			"from": [0, 14, 0],
			"to": [3, 16, 16],
			"faces": {
				"north": {"uv": [1, 0, 0, 2], "texture": "#bottom"},
				"east": {"uv": [16, 0, 0, 2], "texture": "#bottom"},
				"south": {"uv": [15, 0, 16, 2], "texture": "#bottom"},
				"west": {"uv": [0, 0, 16, 2], "texture": "#bottom"},
				"down": {"uv": [0, 1, 16, 2], "rotation": 270, "texture": "#bottom"}
			}
		},
		{
			"from": [0, 3, 0],
			"to": [3, 14, 3],
			"faces": {
				"north": {"uv": [1, 2, 0, 13], "texture": "#bottom"},
				"east": {"uv": [3, 2, 0, 13], "texture": "#bottom"},
				"south": {"uv": [3, 2, 2, 13], "texture": "#bottom"},
				"west": {"uv": [0, 2, 3, 13], "texture": "#bottom"}
			}
		},
		{
			"from": [0, 3, 13],
			"to": [3, 14, 16],
			"faces": {
				"north": {"uv": [13, 2, 14, 13], "texture": "#bottom"},
				"east": {"uv": [16, 2, 13, 13], "texture": "#bottom"},
				"south": {"uv": [15, 2, 16, 13], "texture": "#bottom"},
				"west": {"uv": [13, 2, 16, 13], "texture": "#bottom"}
			}
		},
		{
			"from": [0, 3, 6],
			"to": [3, 14, 10],
			"faces": {
				"north": {"uv": [6, 2, 7, 13], "texture": "#bottom"},
				"east": {"uv": [10, 2, 6, 13], "texture": "#bottom"},
				"south": {"uv": [9, 2, 10, 13], "texture": "#bottom"},
				"west": {"uv": [6, 2, 10, 13], "texture": "#bottom"}
			}
		},
		{
			"from": [-0.5, 15, 11],
			"to": [3.5, 16, 12],
			"rotation": {"angle": 0, "axis": "y", "origin": [8, 23, 19]},
			"faces": {
				"north": {"uv": [11, 0, 12, 1], "texture": "#bottom"},
				"east": {"uv": [11, 0, 12, 1], "texture": "#bottom"},
				"south": {"uv": [11, 0, 12, 1], "texture": "#bottom"},
				"west": {"uv": [11, 0, 12, 1], "texture": "#bottom"},
				"down": {"uv": [11, 0, 12, 1], "texture": "#bottom"}
			}
		}
	]
}