{
	"credit": "Created by Stridey",
	"parent": "block/thin_block",
	"textures": {
		"particle": "block/dark_oak_trapdoor",
		"texture": "block/dark_oak_trapdoor"
	},
	"elements": [
		{
			"name": "Element",
			"from": [0, 0, 0],
			"to": [2, 3, 16],
			"faces": {
				"north": {"uv": [2, 16, 0, 13], "texture": "#texture", "cullface": "north"},
				"east": {"uv": [0, 0, 3, 16], "rotation": 90, "texture": "#texture"},
				"south": {"uv": [0, 0, 2, 3], "texture": "#texture", "cullface": "south"},
				"west": {"uv": [13, 0, 16, 16], "rotation": 270, "texture": "#texture", "cullface": "west"},
				"up": {"uv": [0, 0, 2, 16], "texture": "#texture"},
				"down": {"uv": [16, 16, 14, 0], "texture": "#texture", "cullface": "down"}
			}
		},
		{
			"name": "Element",
			"from": [14, 0, 0],
			"to": [16, 3, 16],
			"faces": {
				"north": {"uv": [16, 16, 14, 13], "texture": "#texture", "cullface": "north"},
				"east": {"uv": [0, 0, 3, 16], "rotation": 90, "texture": "#texture", "cullface": "east"},
				"south": {"uv": [14, 0, 16, 3], "texture": "#texture", "cullface": "south"},
				"west": {"uv": [13, 0, 16, 16], "rotation": 270, "texture": "#texture"},
				"up": {"uv": [14, 0, 16, 16], "texture": "#texture"},
				"down": {"uv": [2, 16, 0, 0], "texture": "#texture", "cullface": "down"}
			}
		},
		{
			"name": "Element",
			"from": [6, 0, 0],
			"to": [10, 3, 16],
			"faces": {
				"north": {"uv": [10, 16, 6, 13], "texture": "#texture", "cullface": "north"},
				"east": {"uv": [0, 0, 3, 16], "rotation": 90, "texture": "#texture"},
				"south": {"uv": [6, 0, 10, 3], "texture": "#texture", "cullface": "south"},
				"west": {"uv": [13, 0, 16, 16], "rotation": 270, "texture": "#texture"},
				"up": {"uv": [6, 0, 10, 16], "texture": "#texture"},
				"down": {"uv": [10, 16, 6, 0], "texture": "#texture", "cullface": "down"}
			}
		},
		{
			"name": "Element",
			"from": [2, 0, 6],
			"to": [6, 3, 10],
			"faces": {
				"north": {"uv": [6, 16, 2, 13], "texture": "#texture"},
				"south": {"uv": [2, 0, 6, 3], "texture": "#texture"},
				"up": {"uv": [2, 6, 6, 10], "texture": "#texture"},
				"down": {"uv": [14, 10, 10, 6], "texture": "#texture", "cullface": "down"}
			}
		},
		{
			"name": "Element",
			"from": [10, 0, 6],
			"to": [14, 3, 10],
			"faces": {
				"north": {"uv": [14, 16, 10, 13], "texture": "#texture"},
				"south": {"uv": [10, 0, 14, 3], "texture": "#texture"},
				"up": {"uv": [10, 6, 14, 10], "texture": "#texture"},
				"down": {"uv": [6, 10, 2, 6], "texture": "#texture", "cullface": "down"}
			}
		},
		{
			"name": "Element",
			"from": [10, 0, 14],
			"to": [14, 3, 16],
			"faces": {
				"north": {"uv": [14, 16, 10, 13], "texture": "#texture"},
				"south": {"uv": [10, 0, 14, 3], "texture": "#texture", "cullface": "south"},
				"up": {"uv": [10, 14, 14, 16], "texture": "#texture"},
				"down": {"uv": [6, 16, 2, 14], "texture": "#texture", "cullface": "down"}
			}
		},
		{
			"name": "Element",
			"from": [2, 0, 14],
			"to": [6, 3, 16],
			"faces": {
				"north": {"uv": [6, 16, 2, 13], "texture": "#texture"},
				"south": {"uv": [2, 0, 6, 3], "texture": "#texture", "cullface": "south"},
				"up": {"uv": [2, 14, 6, 16], "texture": "#texture"},
				"down": {"uv": [14, 16, 10, 14], "texture": "#texture", "cullface": "down"}
			}
		},
		{
			"name": "Element",
			"from": [2, 0, 0],
			"to": [6, 3, 2],
			"faces": {
				"north": {"uv": [6, 16, 2, 13], "texture": "#texture", "cullface": "north"},
				"south": {"uv": [2, 0, 6, 3], "texture": "#texture"},
				"up": {"uv": [2, 0, 6, 2], "texture": "#texture"},
				"down": {"uv": [14, 2, 10, 0], "texture": "#texture", "cullface": "down"}
			}
		},
		{
			"name": "Element",
			"from": [10, 0, 0],
			"to": [14, 3, 2],
			"faces": {
				"north": {"uv": [14, 16, 10, 13], "texture": "#texture", "cullface": "north"},
				"south": {"uv": [10, 0, 14, 3], "texture": "#texture"},
				"up": {"uv": [10, 0, 14, 2], "texture": "#texture"},
				"down": {"uv": [6, 2, 2, 0], "texture": "#texture", "cullface": "down"}
			}
		},
		{
			"name": "Element",
			"from": [0.5, 1, 0.5],
			"to": [15.5, 2, 15.5],
			"faces": {
				"up": {"uv": [0.5, 0.5, 15.5, 15.5], "texture": "#texture"},
				"down": {"uv": [15.5, 15.5, 0.5, 0.5], "texture": "#texture", "cullface": "down"}
			}
		}
	]
}