{
    "ambientocclusion": false,
    "textures": {
        "particle": "block/powered_rail",
        "rail": "block/powered_rail"
    },
    "elements": [
        {
            "name": "Plank1",
            "from": [
                1,
                0,
                1
            ],
            "to": [
                2,
                0.75,
                3
            ],
            "faces": {
                "north": {
                    "texture": "#rail",
                    "uv": [
                        1,
                        1,
                        2,
                        2
                    ]
                },
                "south": {
                    "texture": "#rail",
                    "uv": [
                        1,
                        2,
                        2,
                        3
                    ]
                },
                "west": {
                    "texture": "#rail",
                    "uv": [
                        1,
                        1,
                        2,
                        3
                    ],
                    "rotation": 270
                },
                "up": {
                    "texture": "#rail",
                    "uv": [
                        1,
                        1,
                        2,
                        3
                    ]
                },
                "down": {
                    "texture": "#rail",
                    "uv": [
                        1,
                        1,
                        2,
                        3
                    ],
                    "rotation": 180,
                    "cullface": "down"
                }
            }
        },
        {
            "name": "Plank2",
            "from": [
                2,
                0,
                1
            ],
            "to": [
                4,
                0.75,
                3
            ],
            "faces": {
                "north": {
                    "texture": "#rail",
                    "uv": [
                        1,
                        1,
                        2,
                        2
                    ]
                },
                "south": {
                    "texture": "#rail",
                    "uv": [
                        1,
                        2,
                        2,
                        3
                    ],
                    "rotation": 180
                },
                "down": {
                    "texture": "#rail",
                    "uv": [
                        1,
                        1,
                        2,
                        3
                    ],
                    "rotation": 180,
                    "cullface": "down"
                }
            }
        },
        {
            "name": "Plank3",
            "from": [
                4,
                0,
                1
            ],
            "to": [
                12,
                0.75,
                3
            ],
            "faces": {
                "north": {
                    "texture": "#rail",
                    "uv": [
                        4,
                        1,
                        12,
                        2
                    ],
                    "rotation": 180
                },
                "south": {
                    "texture": "#rail",
                    "uv": [
                        4,
                        2,
                        12,
                        3
                    ]
                },
                "up": {
                    "texture": "#rail",
                    "uv": [
                        4,
                        1,
                        12,
                        3
                    ]
                },
                "down": {
                    "texture": "#rail",
                    "uv": [
                        12,
                        1,
                        4,
                        3
                    ],
                    "rotation": 180,
                    "cullface": "down"
                }
            }
        },
        {
            "name": "Plank4",
            "from": [
                12,
                0,
                1
            ],
            "to": [
                14,
                0.75,
                3
            ],
            "faces": {
                "north": {
                    "texture": "#rail",
                    "uv": [
                        14,
                        1,
                        15,
                        2
                    ]
                },
                "south": {
                    "texture": "#rail",
                    "uv": [
                        14,
                        2,
                        15,
                        3
                    ],
                    "rotation": 180
                },
                "down": {
                    "texture": "#rail",
                    "uv": [
                        14,
                        1,
                        15,
                        3
                    ],
                    "rotation": 180,
                    "cullface": "down"
                }
            }
        },
        {
            "name": "Plank5",
            "from": [
                14,
                0,
                1
            ],
            "to": [
                15,
                0.75,
                3
            ],
            "faces": {
                "north": {
                    "texture": "#rail",
                    "uv": [
                        14,
                        1,
                        15,
                        2
                    ]
                },
                "east": {
                    "texture": "#rail",
                    "uv": [
                        14,
                        1,
                        15,
                        3
                    ],
                    "rotation": 90
                },
                "south": {
                    "texture": "#rail",
                    "uv": [
                        14,
                        2,
                        15,
                        3
                    ]
                },
                "up": {
                    "texture": "#rail",
                    "uv": [
                        14,
                        1,
                        15,
                        3
                    ]
                },
                "down": {
                    "texture": "#rail",
                    "uv": [
                        14,
                        1,
                        15,
                        3
                    ],
                    "rotation": 180,
                    "cullface": "down"
                }
            }
        },
        {
            "name": "Plank6",
            "from": [
                1,
                0,
                5
            ],
            "to": [
                2,
                0.75,
                7
            ],
            "faces": {
                "north": {
                    "texture": "#rail",
                    "uv": [
                        1,
                        5,
                        2,
                        6
                    ]
                },
                "south": {
                    "texture": "#rail",
                    "uv": [
                        1,
                        6,
                        2,
                        7
                    ]
                },
                "west": {
                    "texture": "#rail",
                    "uv": [
                        1,
                        5,
                        2,
                        7
                    ],
                    "rotation": 270
                },
                "up": {
                    "texture": "#rail",
                    "uv": [
                        1,
                        5,
                        2,
                        7
                    ]
                },
                "down": {
                    "texture": "#rail",
                    "uv": [
                        1,
                        5,
                        2,
                        7
                    ],
                    "rotation": 180,
                    "cullface": "down"
                }
            }
        },
        {
            "name": "Plank7",
            "from": [
                2,
                0,
                5
            ],
            "to": [
                4,
                0.75,
                7
            ],
            "faces": {
                "north": {
                    "texture": "#rail",
                    "uv": [
                        1,
                        5,
                        2,
                        6
                    ]
                },
                "south": {
                    "texture": "#rail",
                    "uv": [
                        1,
                        6,
                        2,
                        7
                    ],
                    "rotation": 180
                },
                "down": {
                    "texture": "#rail",
                    "uv": [
                        1,
                        5,
                        2,
                        7
                    ],
                    "rotation": 180,
                    "cullface": "down"
                }
            }
        },
        {
            "name": "Plank8",
            "from": [
                4,
                0,
                5
            ],
            "to": [
                12,
                0.75,
                7
            ],
            "faces": {
                "north": {
                    "texture": "#rail",
                    "uv": [
                        4,
                        5,
                        12,
                        6
                    ],
                    "rotation": 180
                },
                "south": {
                    "texture": "#rail",
                    "uv": [
                        4,
                        6,
                        12,
                        7
                    ]
                },
                "up": {
                    "texture": "#rail",
                    "uv": [
                        4,
                        5,
                        12,
                        7
                    ]
                },
                "down": {
                    "texture": "#rail",
                    "uv": [
                        12,
                        5,
                        4,
                        7
                    ],
                    "rotation": 180,
                    "cullface": "down"
                }
            }
        },
        {
            "name": "Plank9",
            "from": [
                12,
                0,
                5
            ],
            "to": [
                14,
                0.75,
                7
            ],
            "faces": {
                "north": {
                    "texture": "#rail",
                    "uv": [
                        14,
                        5,
                        15,
                        6
                    ]
                },
                "south": {
                    "texture": "#rail",
                    "uv": [
                        14,
                        6,
                        15,
                        7
                    ],
                    "rotation": 180
                },
                "down": {
                    "texture": "#rail",
                    "uv": [
                        14,
                        5,
                        15,
                        7
                    ],
                    "rotation": 180,
                    "cullface": "down"
                }
            }
        },
        {
            "name": "Plank10",
            "from": [
                14,
                0,
                5
            ],
            "to": [
                15,
                0.75,
                7
            ],
            "faces": {
                "north": {
                    "texture": "#rail",
                    "uv": [
                        14,
                        5,
                        15,
                        6
                    ]
                },
                "east": {
                    "texture": "#rail",
                    "uv": [
                        14,
                        5,
                        15,
                        7
                    ],
                    "rotation": 90
                },
                "south": {
                    "texture": "#rail",
                    "uv": [
                        14,
                        6,
                        15,
                        7
                    ]
                },
                "up": {
                    "texture": "#rail",
                    "uv": [
                        14,
                        1,
                        15,
                        3
                    ]
                },
                "down": {
                    "texture": "#rail",
                    "uv": [
                        14,
                        5,
                        15,
                        7
                    ],
                    "rotation": 180,
                    "cullface": "down"
                }
            }
        },
        {
            "name": "Plank11",
            "from": [
                1,
                0,
                9
            ],
            "to": [
                2,
                0.75,
                11
            ],
            "faces": {
                "north": {
                    "texture": "#rail",
                    "uv": [
                        1,
                        9,
                        2,
                        10
                    ]
                },
                "south": {
                    "texture": "#rail",
                    "uv": [
                        1,
                        10,
                        2,
                        11
                    ]
                },
                "west": {
                    "texture": "#rail",
                    "uv": [
                        1,
                        9,
                        2,
                        11
                    ],
                    "rotation": 270
                },
                "up": {
                    "texture": "#rail",
                    "uv": [
                        1,
                        9,
                        2,
                        11
                    ]
                },
                "down": {
                    "texture": "#rail",
                    "uv": [
                        1,
                        9,
                        2,
                        11
                    ],
                    "rotation": 180,
                    "cullface": "down"
                }
            }
        },
        {
            "name": "Plank12",
            "from": [
                2,
                0,
                9
            ],
            "to": [
                4,
                0.75,
                11
            ],
            "faces": {
                "north": {
                    "texture": "#rail",
                    "uv": [
                        1,
                        9,
                        2,
                        10
                    ]
                },
                "south": {
                    "texture": "#rail",
                    "uv": [
                        1,
                        10,
                        2,
                        11
                    ],
                    "rotation": 180
                },
                "down": {
                    "texture": "#rail",
                    "uv": [
                        1,
                        9,
                        2,
                        11
                    ],
                    "rotation": 180,
                    "cullface": "down"
                }
            }
        },
        {
            "name": "Plank13",
            "from": [
                4,
                0,
                9
            ],
            "to": [
                12,
                0.75,
                11
            ],
            "faces": {
                "north": {
                    "texture": "#rail",
                    "uv": [
                        4,
                        9,
                        12,
                        10
                    ],
                    "rotation": 180
                },
                "south": {
                    "texture": "#rail",
                    "uv": [
                        4,
                        10,
                        12,
                        11
                    ]
                },
                "up": {
                    "texture": "#rail",
                    "uv": [
                        4,
                        9,
                        12,
                        11
                    ]
                },
                "down": {
                    "texture": "#rail",
                    "uv": [
                        12,
                        9,
                        4,
                        11
                    ],
                    "rotation": 180,
                    "cullface": "down"
                }
            }
        },
        {
            "name": "Plank14",
            "from": [
                12,
                0,
                9
            ],
            "to": [
                14,
                0.75,
                11
            ],
            "faces": {
                "north": {
                    "texture": "#rail",
                    "uv": [
                        14,
                        9,
                        15,
                        10
                    ]
                },
                "south": {
                    "texture": "#rail",
                    "uv": [
                        14,
                        10,
                        15,
                        11
                    ],
                    "rotation": 180
                },
                "down": {
                    "texture": "#rail",
                    "uv": [
                        14,
                        9,
                        15,
                        11
                    ],
                    "rotation": 180,
                    "cullface": "down"
                }
            }
        },
        {
            "name": "Plank15",
            "from": [
                14,
                0,
                9
            ],
            "to": [
                15,
                0.75,
                11
            ],
            "faces": {
                "north": {
                    "texture": "#rail",
                    "uv": [
                        14,
                        9,
                        15,
                        10
                    ]
                },
                "east": {
                    "texture": "#rail",
                    "uv": [
                        14,
                        9,
                        15,
                        11
                    ],
                    "rotation": 90
                },
                "south": {
                    "texture": "#rail",
                    "uv": [
                        14,
                        10,
                        15,
                        11
                    ]
                },
                "up": {
                    "texture": "#rail",
                    "uv": [
                        14,
                        9,
                        15,
                        11
                    ]
                },
                "down": {
                    "texture": "#rail",
                    "uv": [
                        14,
                        9,
                        15,
                        11
                    ],
                    "rotation": 180,
                    "cullface": "down"
                }
            }
        },
        {
            "name": "Plank16",
            "from": [
                1,
                0,
                13
            ],
            "to": [
                2,
                0.75,
                15
            ],
            "faces": {
                "north": {
                    "texture": "#rail",
                    "uv": [
                        1,
                        13,
                        2,
                        14
                    ]
                },
                "south": {
                    "texture": "#rail",
                    "uv": [
                        1,
                        14,
                        2,
                        15
                    ]
                },
                "west": {
                    "texture": "#rail",
                    "uv": [
                        1,
                        13,
                        2,
                        15
                    ],
                    "rotation": 270
                },
                "up": {
                    "texture": "#rail",
                    "uv": [
                        1,
                        13,
                        2,
                        15
                    ]
                },
                "down": {
                    "texture": "#rail",
                    "uv": [
                        1,
                        13,
                        2,
                        15
                    ],
                    "rotation": 180,
                    "cullface": "down"
                }
            }
        },
        {
            "name": "Plank17",
            "from": [
                2,
                0,
                13
            ],
            "to": [
                4,
                0.75,
                15
            ],
            "faces": {
                "north": {
                    "texture": "#rail",
                    "uv": [
                        1,
                        13,
                        2,
                        14
                    ]
                },
                "south": {
                    "texture": "#rail",
                    "uv": [
                        1,
                        14,
                        2,
                        15
                    ],
                    "rotation": 180
                },
                "down": {
                    "texture": "#rail",
                    "uv": [
                        1,
                        13,
                        2,
                        15
                    ],
                    "rotation": 180,
                    "cullface": "down"
                }
            }
        },
        {
            "name": "Plank18",
            "from": [
                4,
                0,
                13
            ],
            "to": [
                12,
                0.75,
                15
            ],
            "faces": {
                "north": {
                    "texture": "#rail",
                    "uv": [
                        4,
                        13,
                        12,
                        14
                    ],
                    "rotation": 180
                },
                "south": {
                    "texture": "#rail",
                    "uv": [
                        4,
                        14,
                        12,
                        15
                    ]
                },
                "up": {
                    "texture": "#rail",
                    "uv": [
                        4,
                        13,
                        12,
                        15
                    ]
                },
                "down": {
                    "texture": "#rail",
                    "uv": [
                        12,
                        13,
                        4,
                        15
                    ],
                    "rotation": 180,
                    "cullface": "down"
                }
            }
        },
        {
            "name": "Plank19",
            "from": [
                12,
                0,
                13
            ],
            "to": [
                14,
                0.75,
                15
            ],
            "faces": {
                "north": {
                    "texture": "#rail",
                    "uv": [
                        14,
                        13,
                        15,
                        14
                    ]
                },
                "south": {
                    "texture": "#rail",
                    "uv": [
                        14,
                        14,
                        15,
                        15
                    ],
                    "rotation": 180
                },
                "down": {
                    "texture": "#rail",
                    "uv": [
                        14,
                        13,
                        15,
                        15
                    ],
                    "rotation": 180,
                    "cullface": "down"
                }
            }
        },
        {
            "name": "Plank20",
            "from": [
                14,
                0,
                13
            ],
            "to": [
                15,
                0.75,
                15
            ],
            "faces": {
                "north": {
                    "texture": "#rail",
                    "uv": [
                        14,
                        13,
                        15,
                        14
                    ]
                },
                "east": {
                    "texture": "#rail",
                    "uv": [
                        14,
                        13,
                        15,
                        15
                    ],
                    "rotation": 90
                },
                "south": {
                    "texture": "#rail",
                    "uv": [
                        14,
                        14,
                        15,
                        15
                    ]
                },
                "up": {
                    "texture": "#rail",
                    "uv": [
                        14,
                        13,
                        15,
                        15
                    ]
                },
                "down": {
                    "texture": "#rail",
                    "uv": [
                        14,
                        13,
                        15,
                        15
                    ],
                    "rotation": 180,
                    "cullface": "down"
                }
            }
        },
        {
            "name": "Rail1",
            "from": [
                2,
                0.25,
                0
            ],
            "to": [
                4,
                1,
                16
            ],
            "faces": {
                "north": {
                    "texture": "#rail",
                    "uv": [
                        4,
                        0,
                        2,
                        2
                    ],
                    "cullface": "north"
                },
                "east": {
                    "texture": "#rail",
                    "uv": [
                        3,
                        0,
                        4,
                        16
                    ],
                    "rotation": 90
                },
                "south": {
                    "texture": "#rail",
                    "uv": [
                        2,
                        14,
                        4,
                        16
                    ],
                    "cullface": "south"
                },
                "west": {
                    "texture": "#rail",
                    "uv": [
                        2,
                        0,
                        3,
                        16
                    ],
                    "rotation": 90
                },
                "up": {
                    "texture": "#rail",
                    "uv": [
                        2,
                        0,
                        4,
                        16
                    ]
                },
                "down": {
                    "texture": "#rail",
                    "uv": [
                        2,
                        0,
                        4,
                        16
                    ]
                }
            }
        },
        {
            "name": "Rail2",
            "from": [
                12,
                0.25,
                0
            ],
            "to": [
                14,
                1,
                16
            ],
            "faces": {
                "north": {
                    "texture": "#rail",
                    "uv": [
                        14,
                        0,
                        12,
                        2
                    ],
                    "cullface": "north"
                },
                "east": {
                    "texture": "#rail",
                    "uv": [
                        13,
                        0,
                        14,
                        16
                    ],
                    "rotation": 270
                },
                "south": {
                    "texture": "#rail",
                    "uv": [
                        12,
                        14,
                        14,
                        16
                    ],
                    "cullface": "south"
                },
                "west": {
                    "texture": "#rail",
                    "uv": [
                        12,
                        0,
                        12.6,
                        16
                    ],
                    "rotation": 270
                },
                "up": {
                    "texture": "#rail",
                    "uv": [
                        12,
                        0,
                        14,
                        16
                    ]
                },
                "down": {
                    "texture": "#rail",
                    "uv": [
                        12,
                        0,
                        14,
                        16
                    ]
                }
            }
        },
        {
            "name": "Central Path",
            "from": [
                7,
                0.001,
                3
            ],
            "to": [
                9,
                0.6,
                13
            ],
            "faces": {
                "east": {
                    "texture": "#rail",
                    "uv": [
                        8,
                        3,
                        9,
                        13
                    ],
                    "rotation": 90
                },
                "west": {
                    "texture": "#rail",
                    "uv": [
                        7,
                        3,
                        8,
                        13
                    ],
                    "rotation": 270
                },
                "up": {
                    "texture": "#rail",
                    "uv": [
                        7,
                        3,
                        9,
                        13
                    ]
                },
                "down": {
                    "texture": "#rail",
                    "uv": [
                        9,
                        3,
                        7,
                        13
                    ],
                    "rotation": 180,
                    "cullface": "down"
                }
            }
        },
        {
            "name": "Golden Rail 1",
            "from": [
                4,
                0.001,
                0
            ],
            "to": [
                5,
                0.86,
                16
            ],
            "faces": {
                "north": {
                    "texture": "#rail",
                    "uv": [
                        4,
                        0,
                        5,
                        1
                    ],
                    "cullface": "north"
                },
                "east": {
                    "texture": "#rail",
                    "uv": [
                        4,
                        0,
                        5,
                        16
                    ],
                    "rotation": 90
                },
                "south": {
                    "texture": "#rail",
                    "uv": [
                        4,
                        15,
                        5,
                        16
                    ],
                    "cullface": "south"
                },
                "west": {
                    "texture": "#rail",
                    "uv": [
                        4,
                        0,
                        5,
                        16
                    ],
                    "rotation": 270
                },
                "up": {
                    "texture": "#rail",
                    "uv": [
                        4,
                        0,
                        5,
                        16
                    ]
                },
                "down": {
                    "texture": "#rail",
                    "uv": [
                        4,
                        0,
                        5,
                        16
                    ],
                    "cullface": "down"
                }
            }
        },
        {
            "name": "Golden Rail 2",
            "from": [
                11,
                0.001,
                0
            ],
            "to": [
                12,
                0.86,
                16
            ],
            "faces": {
                "north": {
                    "texture": "#rail",
                    "uv": [
                        11,
                        0,
                        12,
                        1
                    ],
                    "cullface": "north"
                },
                "east": {
                    "texture": "#rail",
                    "uv": [
                        11,
                        0,
                        12,
                        16
                    ],
                    "rotation": 90
                },
                "south": {
                    "texture": "#rail",
                    "uv": [
                        11,
                        15,
                        12,
                        16
                    ],
                    "cullface": "south"
                },
                "west": {
                    "texture": "#rail",
                    "uv": [
                        11,
                        0,
                        12,
                        16
                    ],
                    "rotation": 270
                },
                "up": {
                    "texture": "#rail",
                    "uv": [
                        11,
                        0,
                        12,
                        16
                    ]
                },
                "down": {
                    "texture": "#rail",
                    "uv": [
                        11,
                        0,
                        12,
                        16
                    ],
                    "cullface": "down"
                }
            }
        }
    ]
}