{
	"credit": "Created by Stridey",
	"parent": "block/thin_block",
	"textures": {
		"1": "block/spruce_trapdoor_fixes",
		"particle": "block/spruce_trapdoor",
		"texture": "block/spruce_trapdoor"
	},
	"elements": [
		{
			"name": "Element",
			"from": [13, 13, 0],
			"to": [16, 16, 16],
			"faces": {
				"north": {"uv": [13, 0, 16, 3], "texture": "#texture", "cullface": "north"},
				"east": {"uv": [13, 0, 16, 16], "rotation": 270, "texture": "#texture", "cullface": "east"},
				"south": {"uv": [13, 0, 16, 3], "texture": "#texture", "cullface": "south"},
				"west": {"uv": [13, 0, 16, 16], "rotation": 90, "texture": "#texture"},
				"up": {"uv": [13, 16, 16, 0], "texture": "#texture", "cullface": "up"},
				"down": {"uv": [13, 0, 16, 16], "texture": "#texture"}
			}
		},
		{
			"name": "Element",
			"from": [3, 14, 0],
			"to": [13, 15, 16],
			"rotation": {"angle": 0, "axis": "y", "origin": [5, 8, 8]},
			"faces": {
				"north": {"uv": [3, 0, 13, 1], "rotation": 180, "texture": "#1", "cullface": "north"},
				"south": {"uv": [3, 15, 13, 16], "texture": "#1", "cullface": "south"},
				"up": {"uv": [3, 16, 13, 0], "texture": "#texture"},
				"down": {"uv": [3, 0, 13, 16], "texture": "#texture"}
			}
		},
		{
			"name": "Element",
			"from": [10, 13, 0],
			"to": [12, 16, 16],
			"faces": {
				"north": {"uv": [10, 0, 12, 3], "texture": "#texture", "cullface": "north"},
				"east": {"uv": [11, 0, 12, 16], "rotation": 270, "texture": "#texture"},
				"south": {"uv": [10, 0, 12, 3], "texture": "#texture", "cullface": "south"},
				"west": {"uv": [10, 0, 11, 16], "rotation": 90, "texture": "#texture"},
				"up": {"uv": [10, 16, 12, 0], "texture": "#texture", "cullface": "up"},
				"down": {"uv": [10, 0, 12, 16], "texture": "#texture"}
			}
		},
		{
			"name": "Element",
			"from": [7, 13, 0],
			"to": [9, 16, 16],
			"faces": {
				"north": {"uv": [7, 0, 9, 3], "texture": "#texture", "cullface": "north"},
				"east": {"uv": [8, 0, 9, 16], "rotation": 270, "texture": "#texture"},
				"south": {"uv": [7, 0, 9, 3], "texture": "#texture", "cullface": "south"},
				"west": {"uv": [7, 0, 8, 16], "rotation": 90, "texture": "#texture"},
				"up": {"uv": [7, 16, 9, 0], "texture": "#texture", "cullface": "up"},
				"down": {"uv": [7, 0, 9, 16], "texture": "#texture"}
			}
		},
		{
			"name": "Element",
			"from": [4, 13, 0],
			"to": [6, 16, 16],
			"faces": {
				"north": {"uv": [4, 0, 6, 3], "texture": "#texture", "cullface": "north"},
				"east": {"uv": [5, 0, 6, 16], "rotation": 270, "texture": "#texture"},
				"south": {"uv": [4, 0, 6, 3], "texture": "#texture", "cullface": "south"},
				"west": {"uv": [4, 0, 5, 16], "rotation": 90, "texture": "#texture"},
				"up": {"uv": [4, 16, 6, 0], "texture": "#texture", "cullface": "up"},
				"down": {"uv": [4, 0, 6, 16], "texture": "#texture"}
			}
		},
		{
			"name": "Element",
			"from": [0, 13, 0],
			"to": [3, 16, 16],
			"faces": {
				"north": {"uv": [0, 0, 3, 3], "texture": "#texture", "cullface": "north"},
				"east": {"uv": [2, 0, 3, 16], "rotation": 270, "texture": "#texture"},
				"south": {"uv": [0, 0, 3, 3], "texture": "#texture", "cullface": "south"},
				"west": {"uv": [13, 0, 16, 16], "rotation": 90, "texture": "#texture", "cullface": "west"},
				"up": {"uv": [0, 16, 3, 0], "texture": "#texture", "cullface": "up"},
				"down": {"uv": [0, 0, 3, 16], "texture": "#texture"}
			}
		}
	]
}