{
	"credit": "Created by Stridey",
	"parent": "block/door_bottom",
	"ambientocclusion": false,
	"textures": {
		"particle": "block/spruce_door_top",
		"bottom": "block/spruce_door_top"
	},
	"elements": [
		{
			"from": [0, 0, 13],
			"to": [3, 16, 16],
			"faces": {
				"north": {"uv": [2, 0, 3, 16], "texture": "#bottom"},
				"east": {"uv": [0, 0, 3, 16], "texture": "#bottom"},
				"south": {"uv": [1, 0, 0, 16], "texture": "#bottom"},
				"west": {"uv": [3, 0, 0, 16], "texture": "#bottom"},
				"up": {"uv": [0, 0, 3, 1], "rotation": 90, "texture": "#bottom"}
			}
		},
		{
			"from": [0, 0, 10],
			"to": [3, 16, 12],
			"faces": {
				"north": {"uv": [5, 0, 6, 16], "texture": "#bottom"},
				"east": {"uv": [4, 0, 6, 16], "texture": "#bottom"},
				"south": {"uv": [5, 0, 4, 16], "texture": "#bottom"},
				"west": {"uv": [6, 0, 4, 16], "texture": "#bottom"},
				"up": {"uv": [4, 0, 6, 1], "rotation": 270, "texture": "#bottom"}
			}
		},
		{
			"from": [0, 0, 7],
			"to": [3, 16, 9],
			"faces": {
				"north": {"uv": [8, 0, 9, 16], "texture": "#bottom"},
				"east": {"uv": [7, 0, 9, 16], "texture": "#bottom"},
				"south": {"uv": [8, 0, 7, 16], "texture": "#bottom"},
				"west": {"uv": [9, 0, 7, 16], "texture": "#bottom"},
				"up": {"uv": [7, 0, 9, 1], "rotation": 270, "texture": "#bottom"}
			}
		},
		{
			"from": [0, 0, 4],
			"to": [3, 16, 6],
			"faces": {
				"north": {"uv": [11, 0, 12, 16], "texture": "#bottom"},
				"east": {"uv": [10, 0, 12, 16], "texture": "#bottom"},
				"south": {"uv": [11, 0, 10, 16], "texture": "#bottom"},
				"west": {"uv": [12, 0, 10, 16], "texture": "#bottom"},
				"up": {"uv": [10, 0, 12, 1], "rotation": 270, "texture": "#bottom"}
			}
		},
		{
			"from": [0, 0, 0],
			"to": [3, 16, 3],
			"faces": {
				"north": {"uv": [15, 0, 16, 16], "texture": "#bottom"},
				"east": {"uv": [13, 0, 16, 16], "texture": "#bottom"},
				"south": {"uv": [14, 0, 13, 16], "texture": "#bottom"},
				"west": {"uv": [16, 0, 13, 16], "texture": "#bottom"},
				"up": {"uv": [13, 0, 16, 1], "rotation": 270, "texture": "#bottom"}
			}
		},
		{
			"from": [0.5, 0, 12],
			"to": [2.5, 16, 13],
			"faces": {
				"north": {"uv": [3, 0, 4, 16], "texture": "#bottom"},
				"east": {"uv": [3, 0, 4, 16], "texture": "#bottom"},
				"south": {"uv": [3, 0, 4, 16], "texture": "#bottom"},
				"west": {"uv": [3, 0, 4, 16], "texture": "#bottom"},
				"up": {"uv": [3, 0, 4, 1], "rotation": 180, "texture": "#bottom"}
			}
		},
		{
			"from": [0.5, 0, 9],
			"to": [2.5, 16, 10],
			"faces": {
				"north": {"uv": [6, 0, 7, 16], "texture": "#bottom"},
				"east": {"uv": [6, 0, 7, 16], "texture": "#bottom"},
				"south": {"uv": [6, 0, 7, 16], "texture": "#bottom"},
				"west": {"uv": [6, 0, 7, 16], "texture": "#bottom"},
				"up": {"uv": [6, 0, 7, 1], "rotation": 180, "texture": "#bottom"}
			}
		},
		{
			"from": [0.5, 0, 6],
			"to": [2.5, 16, 7],
			"faces": {
				"north": {"uv": [9, 0, 10, 16], "texture": "#bottom"},
				"east": {"uv": [9, 0, 10, 16], "texture": "#bottom"},
				"south": {"uv": [9, 0, 10, 16], "texture": "#bottom"},
				"west": {"uv": [9, 0, 10, 16], "texture": "#bottom"},
				"up": {"uv": [9, 0, 10, 1], "rotation": 180, "texture": "#bottom"}
			}
		},
		{
			"from": [0.5, 0, 3],
			"to": [2.5, 16, 4],
			"faces": {
				"north": {"uv": [12, 0, 13, 16], "texture": "#bottom"},
				"east": {"uv": [12, 0, 13, 16], "texture": "#bottom"},
				"south": {"uv": [12, 0, 13, 16], "texture": "#bottom"},
				"west": {"uv": [12, 0, 13, 16], "texture": "#bottom"},
				"up": {"uv": [12, 0, 13, 1], "rotation": 180, "texture": "#bottom"}
			}
		}
	]
}